<?xml version="1.0" encoding="UTF-8"?>
<!DOCTYPE hibernate-configuration PUBLIC
"-//Hibernate/Hibernate Configuration DTD 3.0//EN"
"http://www.hibernate.org/dtd/hibernate-configuration-3.0.dtd">

<hibernate-configuration>
    <session-factory>
        <property name="hibernate.connection.driver_class">com.mysql.jdbc.Driver</property>
        <property name="hibernate.connection.url">jdbc:mysql://localhost:3306/dxc</property>
        <property name="hibernate.connection.username">root</property>
        <property name="hibernate.connection.password">Jesuslovesu@03</property>
		 <property name="hibernate.dialect">org.hibernate.dialect.MySQLDialect</property>
        <property name="show_sql">true</property>
        <property name="format_sql">true</property>
        <property name="hbm2ddl.auto">update</property>
        
        <!-- 
        you will be giving Model/POJO/Persistance entry class here also
        other Db configuration like connection pool, cache memory etc can also be given
         -->
       
       <mapping class="com.school.model.Student"/>
       <mapping class="com.school.model.Teachers"/>
       <mapping class="com.school.model.Classes"/>
       <mapping class="com.school.model.Subjects"/>
        
    </session-factory>
</hibernate-configuration>